name,id,tier,rarity,tech/manufacturer,tags,uiTags,base value,unlocked,hidden,hiddenEverywhere,cost_frigate,cost_dest,cost_cruiser,cost_capital,script,desc,short,sModDesc,sprite
DOMINT Retrofit,DomainRetrofitMod,1,,,"offensive, merc, domain",Weapons,2500,,TRUE,,0,0,0,0,poggers.oldlegion.data.hullmods.DomainRetrofit,"Reduces the chance for missiles launched by the ship to be affected by electronic counter-measures and flares by %s.

A CPU core adjunct in each missile increases missile top speed by %s and missile maneuverability by %s, as well as significantly improving the guidance algorithm.

Also reduces the weapon range reduction due to enemy ECM by %s.

When deployed in combat, grants %s/%s/%s/%s ECM rating, depending on this ship's hull size.",ECCM and ECM bonuses combined,"Fully negates the weapon range reduction, and makes the ship's missiles always ignore flares.",graphics/hullmods/domain_imresizer.png
Domain Standard Hull,DomainEngineeringMod,1,,,"defensive, merc, domain",Weapons,2500,,TRUE,,0,0,0,0,poggers.oldlegion.data.hullmods.DomainEngineering,Domain hulls have a few shared properties.,0 sensor profile and minor eccm bonus.,,graphics/hullmods/domain_imresizer.png
Zero Emissions Engineering,DomainEmissionsMod,1,,,"defensive, domain",,2500,,TRUE,,0,0,0,0,poggers.oldlegion.data.hullmods.ZeroEmissionEngineering,Reduces ships Sensor Profile to %s.,0 sensor profile,,graphics/hullmods/domain_imresizer.png
Clone Timeout,Domain_Supercap_timeout,,,,"no_build_in, codex_require_related",,,,TRUE,TRUE,0,0,0,0,poggers.oldlegion.data.hullmods.CloneTimeout,"This Description shouldn't be seen normally. If you're seeing this, contact me and tell me how you found it, unless you're using commands to deliberately get and see it.",,,graphics/hullmods/domain_imresizer.png
Force Active,Domain_Supercap_activation,,,,"no_build_in, codex_require_related",,,,TRUE,TRUE,0,0,0,0,poggers.oldlegion.data.hullmods.CloneActivation,,,,
